{
  "MAE": 19.4873440520479,
  "RMSE": 24.428117667400397,
  "MAPE": 0.03372682377455045
}