{
  "MAE": 27.577246270400014,
  "RMSE": 48.256279926528926,
  "MAPE": 0.06305817513320772
}