{
  "MAE": 19.644143077336178,
  "RMSE": 24.646393358701122,
  "MAPE": 0.03400917752437984
}