{
  "MAE": 19.64762442269479,
  "RMSE": 24.635651661697093,
  "MAPE": 0.033997316116407716
}