{
  "MAE": 22.138078174430717,
  "RMSE": 28.83634617223165,
  "MAPE": 2511022.053366039
}