{
  "MAE": 26.294350372024546,
  "RMSE": 32.588764497659504,
  "MAPE": 0.04546592291306407
}