{
  "MAE": 19.644290797513147,
  "RMSE": 24.646556049198086,
  "MAPE": 0.0340094398063432
}