{
  "MAE": 26.2948880450538,
  "RMSE": 32.589336189242616,
  "MAPE": 0.04546685678750498
}