{
  "MAE": 15.400261511701185,
  "RMSE": 19.317180498623667,
  "MAPE": 0.11451015692550381
}