{
  "MAE": 22.105891737994448,
  "RMSE": 28.810654322279166,
  "MAPE": 2484550.007484875
}