{
  "MAE": 27.577079694085274,
  "RMSE": 48.256418601051564,
  "MAPE": 0.06305745291191157
}