{
  "MAE": 2.2637958021055806,
  "RMSE": 2.585374169593046,
  "MAPE": 0.022678426337508138
}