{
  "MAE": 2.083934963358958,
  "RMSE": 2.3473572378663348,
  "MAPE": 0.0208797993593453
}