{
  "MAE": 15.400249550326583,
  "RMSE": 19.31716778244298,
  "MAPE": 0.11451007051404735
}