{
  "MAE": 19.48714056284055,
  "RMSE": 24.42788638209848,
  "MAPE": 0.033726465043023936
}