{
  "MAE": 57.60947042386346,
  "RMSE": 63.03459000240795,
  "MAPE": 0.05609532791049465
}