{
  "MAE": 19.587105150649002,
  "RMSE": 24.577151826430605,
  "MAPE": 0.03390987752171435
}