{
  "MAE": 19.6477841328025,
  "RMSE": 24.63583433750268,
  "MAPE": 0.033997597515736826
}