{
  "MAE": 2.263796417430741,
  "RMSE": 2.5853742996553764,
  "MAPE": 0.022678437797222367
}