{
  "MAE": 15.316640328227923,
  "RMSE": 19.228705549329742,
  "MAPE": 0.11387946622951532
}