{
  "MAE": 22.13811181662716,
  "RMSE": 28.836369344923618,
  "MAPE": 2511023.124843484
}